"species","no_detections","no_countries","p_years_miss","p_years_pres","no_sampledyears"
"Ablabesmyia longistyla",31,3,71.7,28.3,15
"Ablabesmyia monilis",8,3,86.8,13.2,7
"Ablabesmyia phatta",2,2,96.2,3.8,2
"Acentrella lapponica",2,1,96.2,3.8,2
"Acentria ephemerella",42,3,71.7,28.3,15
"Acilius canaliculatus",7,3,86.8,13.2,7
"Acilius sulcatus",7,3,86.8,13.2,7
"Acricotopus lucens",26,2,73.6,26.4,14
"Acroloxus lacustris",1181,10,13.2,86.8,46
"Adicella reducta",156,7,62.3,37.7,20
"Aedes annulipes",2,2,96.2,3.8,2
"Aeolosoma hemprichi",2,2,96.2,3.8,2
"Aeshna affinis",8,1,86.8,13.2,7
"Aeshna cyanea",17,6,77.4,22.6,12
"Aeshna grandis",19,3,77.4,22.6,12
"Aeshna isosceles",4,1,94.3,5.7,3
"Aeshna juncea",1,1,98.1,1.9,1
"Aeshna mixta",11,5,83,17,9
"Agabus bipustulatus",14,4,84.9,15.1,8
"Agabus didymus",42,2,69.8,30.2,16
"Agabus guttatus",26,4,69.8,30.2,16
"Agabus labiatus",1,1,98.1,1.9,1
"Agabus melanarius",2,1,96.2,3.8,2
"Agabus nebulosus",2,1,96.2,3.8,2
"Agabus paludosus",135,5,47.2,52.8,28
"Agabus sturmii",10,2,83,17,9
"Agabus uliginosus",4,1,92.5,7.5,4
"Agabus undulatus",8,4,84.9,15.1,8
"Agapetus delicatulus",13,3,79.2,20.8,11
"Agapetus fuscipes",1031,7,54.7,45.3,24
"Agapetus iridipennis",1,1,98.1,1.9,1
"Agapetus laniger",1,1,98.1,1.9,1
"Agapetus moselyi",8,1,84.9,15.1,8
"Agapetus ochripes",810,8,54.7,45.3,24
"Agnetina elegantula",1,1,98.1,1.9,1
"Agraylea multipunctata",48,2,64.2,35.8,19
"Agraylea pallicornis",11,1,86.8,13.2,7
"Agraylea sexmaculata",6,2,88.7,11.3,6
"Agriotypus armatus",6,2,88.7,11.3,6
"Agrypnia obsoleta",7,3,92.5,7.5,4
"Agrypnia pagetana",2,2,96.2,3.8,2
"Agrypnia varia",1,1,98.1,1.9,1
"Alainites muticus",955,12,35.8,64.2,34
"Alboglossiphonia heteroclita",307,7,20.8,79.2,42
"Alboglossiphonia hyalina",57,2,71.7,28.3,15
"Alboglossiphonia striata",12,1,86.8,13.2,7
"Allogamus auricollis",19,3,73.6,26.4,14
"Allogamus uncatus",2,1,96.2,3.8,2
"Ameletus inopinatus",312,5,43.4,56.6,30
"Ametropus fragilis",4,1,92.5,7.5,4
"Amphinemura borealis",1171,4,50.9,49.1,26
"Amphinemura standfussi",777,6,47.2,52.8,28
"Amphinemura sulcicollis",1290,7,35.8,64.2,34
"Ampullaceana balthica",2336,11,9.4,90.6,48
"Anabolia brevipennis",15,1,79.2,20.8,11
"Anabolia furcata",284,5,47.2,52.8,28
"Anabolia laevis",16,2,79.2,20.8,11
"Anabolia nervosa",1505,6,26.4,73.6,39
"Anacaena bipustulata",50,3,54.7,45.3,24
"Anacaena globulus",213,5,32.1,67.9,36
"Anacaena limbata",205,5,39.6,60.4,32
"Anacaena lutescens",71,5,54.7,45.3,24
"Anatopynia plumipes",3,2,94.3,5.7,3
"Anax imperator",64,4,64.2,35.8,19
"Anax parthenope",17,1,79.2,20.8,11
"Ancylus fluviatilis",5069,17,5.7,94.3,50
"Anisops sardeus",2,1,96.2,3.8,2
"Anisus septemgyratus",37,3,66,34,18
"Anisus vortex",1798,7,26.4,73.6,39
"Anisus vorticulus",27,3,75.5,24.5,13
"Annitella obscurata",2,1,96.2,3.8,2
"Anodonta anatina",159,6,64.2,35.8,19
"Anodonta cygnea",159,6,32.1,67.9,36
"Anomalopterygella chauviniana",57,3,62.3,37.7,20
"Anopheles maculipennis",45,3,67.9,32.1,17
"Anopheles messeae",3,1,98.1,1.9,1
"Antocha vitripennis",360,4,58.5,41.5,22
"Apatania auricula",1,1,98.1,1.9,1
"Apatania fimbriata",10,1,81.1,18.9,10
"Apatania muliebris",5,1,90.6,9.4,5
"Apatania stigmatella",28,2,67.9,32.1,17
"Apatania wallengreni",7,1,88.7,11.3,6
"Apatania zonella",13,1,83,17,9
"Aphelocheirus aestivalis",545,12,49.1,50.9,27
"Aplexa hypnorum",32,5,62.3,37.7,20
"Apsectrotanypus trifascipennis",1009,5,35.8,64.2,34
"Aquarius najas",376,8,62.3,37.7,20
"Aquarius paludum",142,3,64.2,35.8,19
"Arcteonais lomondi",3,2,94.3,5.7,3
"Arctopelopia barbitarsis",6,1,92.5,7.5,4
"Arctopsyche ladogensis",108,2,52.8,47.2,25
"Arcynopteryx compacta",14,1,79.2,20.8,11
"Argulus foliaceus",11,3,79.2,20.8,11
"Argyroneta aquatica",85,4,52.8,47.2,25
"Arthroplea congener",32,1,64.2,35.8,19
"Asellus aquaticus",8341,15,1.9,98.1,52
"Astacus astacus",18,5,77.4,22.6,12
"Astacus torrentium",2,2,96.2,3.8,2
"Atherix ibis",691,11,30.2,69.8,37
"Atherix marginata",129,5,60.4,39.6,21
"Athripsodes albifrons",464,7,39.6,60.4,32
"Athripsodes aterrimus",523,8,26.4,73.6,39
"Athripsodes bilineatus",248,5,56.6,43.4,23
"Athripsodes cinereus",1612,10,34,66,35
"Athripsodes commutatus",91,2,67.9,32.1,17
"Atrichops crassipes",53,6,60.4,39.6,21
"Atyaephyra desmaresti",128,4,37.7,62.3,33
"Aulodrilus japonicus",81,2,71.7,28.3,15
"Aulodrilus limnobius",10,2,84.9,15.1,8
"Aulodrilus pigueti",3,1,94.3,5.7,3
"Aulodrilus pluriseta",61,4,58.5,41.5,22
"Austropotamobius pallipes",42,2,64.2,35.8,19
"Baetis alpinus",20,2,69.8,30.2,16
"Baetis buceratus",261,8,56.6,43.4,23
"Baetis fuscatus",318,10,32.1,67.9,36
"Baetis liebenauae",9,2,88.7,11.3,6
"Baetis lutheri",28,4,69.8,30.2,16
"Baetis melanonyx",11,2,83,17,9
"Baetis nexus",143,2,73.6,26.4,14
"Baetis nigrescens",4,1,96.2,3.8,2
"Baetis rhodani",8033,17,22.6,77.4,41
"Baetis scambus",498,6,39.6,60.4,32
"Baetis subalpinus",77,2,60.4,39.6,21
"Baetis tracheatus",9,3,83,17,9
"Baetis vardarensis",25,4,75.5,24.5,13
"Baetis vernus",897,12,22.6,77.4,41
"Balanus improvisus",1,1,98.1,1.9,1
"Barbronia weberi",3,1,96.2,3.8,2
"Bathyomphalus contortus",1068,9,30.2,69.8,37
"Batracobdelloides moogi",2,1,96.2,3.8,2
"Bazarella neglecta",6,1,90.6,9.4,5
"Bazarella subneglecta",2,1,96.2,3.8,2
"Bdellocephala punctata",7,3,86.8,13.2,7
"Beraea maurus",48,5,66,34,18
"Beraea pullata",45,4,64.2,35.8,19
"Beraeodes minutus",228,8,30.2,69.8,37
"Berdeniella freyi",3,1,94.3,5.7,3
"Berosus frontifoveatus",6,1,90.6,9.4,5
"Berosus geminus",1,1,98.1,1.9,1
"Berosus luridus",3,1,98.1,1.9,1
"Berosus signaticollis",11,2,86.8,13.2,7
"Bidessus nasutus",2,1,96.2,3.8,2
"Bidessus unistriatus",1,1,98.1,1.9,1
"Bithynia leachii",620,8,28.3,71.7,38
"Bithynia tentaculata",3491,10,7.5,92.5,49
"Bithynia transsilvanica",1,1,98.1,1.9,1
"Blepharicera fasciata",2,1,98.1,1.9,1
"Borysthenia naticina",58,1,73.6,26.4,14
"Bothrioneurum vejdovskyanum",10,1,88.7,11.3,6
"Boyeria irene",219,1,67.9,32.1,17
"Brachycentrus maculatus",307,3,35.8,64.2,34
"Brachycentrus montanus",29,3,62.3,37.7,20
"Brachycentrus subnubilus",602,11,37.7,62.3,33
"Brachycercus harrisella",30,5,64.2,35.8,19
"Brachyptera risi",1619,9,45.3,54.7,29
"Brachyptera seticornis",18,3,67.9,32.1,17
"Brachytron pratense",33,3,69.8,30.2,16
"Branchiobdella parasita",1,1,98.1,1.9,1
"Branchiura sowerbyi",182,6,58.5,41.5,22
"Brillia bifida",1655,5,34,66,35
"Brillia flavifrons",160,2,47.2,52.8,28
"Brillia longifurca",55,2,43.4,56.6,30
"Brychius elevatus",248,6,39.6,60.4,32
"Bythinella austriaca",5,1,90.6,9.4,5
"Caenis beskidensis",10,2,84.9,15.1,8
"Caenis horaria",848,11,24.5,75.5,40
"Caenis lactea",8,3,86.8,13.2,7
"Caenis luctuosa",2344,13,30.2,69.8,37
"Caenis macrura",114,10,39.6,60.4,32
"Caenis pseudorivulorum",75,5,58.5,41.5,22
"Caenis pusilla",14,1,84.9,15.1,8
"Caenis rivulorum",1217,10,47.2,52.8,28
"Caenis robusta",218,6,41.5,58.5,31
"Calamoceras marsupus",17,1,83,17,9
"Callicorixa praeusta",87,6,47.2,52.8,28
"Callicorixa wollastoni",33,1,75.5,24.5,13
"Calopteryx virgo",714,12,50.9,49.1,26
"Capnia atra",17,2,79.2,20.8,11
"Capnia pygmaea",33,2,79.2,20.8,11
"Capnia vidua",3,1,94.3,5.7,3
"Capnopsis schilleri",381,4,54.7,45.3,24
"Cataclysta lemnata",238,5,49.1,50.9,27
"Centroptilum luteolum",1425,15,28.3,71.7,38
"Ceraclea albimacula",14,4,75.5,24.5,13
"Ceraclea annulicornis",117,7,50.9,49.1,26
"Ceraclea dissimilis",497,7,28.3,71.7,38
"Ceraclea excisa",19,2,77.4,22.6,12
"Ceraclea fulva",6,3,88.7,11.3,6
"Ceraclea nigronervosa",38,7,66,34,18
"Ceraclea perplexa",1,1,98.1,1.9,1
"Ceraclea senilis",17,4,75.5,24.5,13
"Ceratopsyche newae",19,2,75.5,24.5,13
"Ceratopsyche silfvenii",187,4,52.8,47.2,25
"Cercobrachys minutus",2,1,96.2,3.8,2
"Cercyon analis",1,1,98.1,1.9,1
"Cercyon convexiusculus",1,1,98.1,1.9,1
"Cercyon granarius",1,1,98.1,1.9,1
"Cercyon impressus",1,1,98.1,1.9,1
"Cercyon sternalis",1,1,98.1,1.9,1
"Cercyon tristis",2,1,96.2,3.8,2
"Ceriagrion tenellum",1,1,98.1,1.9,1
"Chaetarthria seminulum",8,4,88.7,11.3,6
"Chaetocladius piger",30,3,64.2,35.8,19
"Chaetogammarus trichiatus",8,3,88.7,11.3,6
"Chaetogaster cristallinus",1,1,98.1,1.9,1
"Chaetogaster diaphanus",4,2,92.5,7.5,4
"Chaetogaster diastrophus",1,1,98.1,1.9,1
"Chaetogaster limnaei",2,1,96.2,3.8,2
"Chaetopterygopsis maclachlani",6,1,88.7,11.3,6
"Chaetopteryx fusca",2,1,96.2,3.8,2
"Chaetopteryx major",6,3,88.7,11.3,6
"Chaetopteryx villosa",522,7,43.4,56.6,30
"Chalcolestes viridis",49,4,56.6,43.4,23
"Chaoborus crystallinus",14,3,81.1,18.9,10
"Chaoborus flavicans",61,3,64.2,35.8,19
"Chaoborus obscuripes",1,1,98.1,1.9,1
"Cheilotrichia cinerascens",1,1,98.1,1.9,1
"Chelicorophium robustum",76,4,71.7,28.3,15
"Chelicorophium sowinskyi",54,2,79.2,20.8,11
"Cheumatopsyche lepida",346,12,45.3,54.7,29
"Chimarra marginata",138,5,52.8,47.2,25
"Chironomus anthracinus",1,1,98.1,1.9,1
"Chironomus bernensis",3,1,94.3,5.7,3
"Chironomus nudiventris",7,1,90.6,9.4,5
"Chironomus obtusidens",3,1,96.2,3.8,2
"Chironomus plumosus",199,8,41.5,58.5,31
"Chironomus riparius",262,6,34,66,35
"Chloroperla breviata",8,1,92.5,7.5,4
"Chloroperla susemicheli",1,1,98.1,1.9,1
"Chloroperla tripunctata",119,1,62.3,37.7,20
"Choroterpes picteti",38,3,64.2,35.8,19
"Chrysopilus cristatus",2,1,98.1,1.9,1
"Chrysopilus erythrophthalmus",1,1,98.1,1.9,1
"Chrysops caecutiens",2,1,96.2,3.8,2
"Cladopelma goetghebueri",34,1,67.9,32.1,17
"Cladotanytarsus mancus",4,2,94.3,5.7,3
"Cladotanytarsus vanderwulpi",7,1,92.5,7.5,4
"Clemnius decoratus",9,3,84.9,15.1,8
"Clinocera stagnalis",3,1,96.2,3.8,2
"Clinotanypus nervosus",309,5,35.8,64.2,34
"Cloeon dipterum",1051,11,26.4,73.6,39
"Cloeon simile",94,4,37.7,62.3,33
"Clytocerus ocellaris",3,1,94.3,5.7,3
"Coelostoma orbiculare",14,3,83,17,9
"Coenagrion ornatum",14,1,84.9,15.1,8
"Coenagrion puella",172,3,62.3,37.7,20
"Coenagrion pulchellum",16,1,83,17,9
"Cognettia glandulosa",1,1,98.1,1.9,1
"Colymbetes fuscus",14,4,79.2,20.8,11
"Colymbetes paykulli",1,1,98.1,1.9,1
"Conchapelopia melanops",1033,3,47.2,52.8,28
"Copelatus haemorrhoidalis",6,2,90.6,9.4,5
"Corbicula fluminalis",112,3,58.5,41.5,22
"Corbicula fluminea",478,6,45.3,54.7,29
"Cordulegaster bidentata",5,2,92.5,7.5,4
"Cordulegaster boltonii",597,8,50.9,49.1,26
"Cordulia aenea",11,4,81.1,18.9,10
"Corixa affinis",5,3,92.5,7.5,4
"Corixa dentipes",7,2,86.8,13.2,7
"Corixa panzeri",12,2,83,17,9
"Corixa punctata",33,4,64.2,35.8,19
"Corophium lacustre",1,1,98.1,1.9,1
"Corophium multisetosum",12,2,81.1,18.9,10
"Corynoneura coronata",20,1,73.6,26.4,14
"Corynoneura lobata",6,2,88.7,11.3,6
"Corynoneura scutellata",56,1,60.4,39.6,21
"Crangon crangon",6,1,88.7,11.3,6
"Crangonyx pseudogracilis",1283,4,52.8,47.2,25
"Crenobia alpina",58,4,60.4,39.6,21
"Cricotopus albiforceps",2,1,96.2,3.8,2
"Cricotopus algarum",1,1,98.1,1.9,1
"Cricotopus annulator",6,2,92.5,7.5,4
"Cricotopus bicinctus",147,6,34,66,35
"Cricotopus fuscus",5,2,90.6,9.4,5
"Cricotopus intersectus",19,1,73.6,26.4,14
"Cricotopus sylvestris",281,4,26.4,73.6,39
"Cricotopus triannulatus",13,1,84.9,15.1,8
"Cricotopus trifasciatus",11,3,84.9,15.1,8
"Cricotopus vierriensis",6,3,90.6,9.4,5
"Criodrilus lacuum",1,1,98.1,1.9,1
"Cristatella mucedo",3,3,94.3,5.7,3
"Crocothemis erythraea",19,2,81.1,18.9,10
"Crunoecia irrorata",63,5,64.2,35.8,19
"Crunoecia kempnyi",1,1,98.1,1.9,1
"Cryptochironomus defectus",1,1,98.1,1.9,1
"Culex pipiens",1,1,98.1,1.9,1
"Culiseta morsitans",1,1,98.1,1.9,1
"Cybister lateralimarginalis",6,1,90.6,9.4,5
"Cymatia bonsdorffii",6,3,90.6,9.4,5
"Cymatia coleoptrata",38,4,62.3,37.7,20
"Cymatia rogenhoferi",3,1,94.3,5.7,3
"Cymbiodyta marginella",34,4,67.9,32.1,17
"Cyrnus crenaticornis",13,2,84.9,15.1,8
"Cyrnus flavidus",170,7,35.8,64.2,34
"Cyrnus insolutus",6,2,88.7,11.3,6
"Cyrnus trimaculatus",427,13,26.4,73.6,39
"Dacnogenia coerulans",8,2,86.8,13.2,7
"Demeijerea rufipes",1,1,98.1,1.9,1
"Demicryptochironomus vulneratus",79,5,50.9,49.1,26
"Dendrobaena octaedra",1,1,98.1,1.9,1
"Dendrocoelum lacteum",1323,10,15.1,84.9,45
"Dendrocoelum romanodanubiale",24,2,79.2,20.8,11
"Dero digitata",60,3,58.5,41.5,22
"Dero dorsalis",2,1,96.2,3.8,2
"Dero obtusa",11,2,86.8,13.2,7
"Deronectes latus",77,7,45.3,54.7,29
"Deronectes platynotus",2,1,96.2,3.8,2
"Diamesa cinerella",5,1,90.6,9.4,5
"Diamesa hamaticornis",1,1,98.1,1.9,1
"Diamesa insignipes",628,3,47.2,52.8,28
"Diamesa permacra",28,1,67.9,32.1,17
"Dicranophragma nemorale",5,1,90.6,9.4,5
"Dicranota simulans",1,1,98.1,1.9,1
"Dicrotendipes lobiger",5,1,90.6,9.4,5
"Dicrotendipes modestus",1,1,98.1,1.9,1
"Dicrotendipes nervosus",284,4,26.4,73.6,39
"Dicrotendipes notatus",67,1,35.8,64.2,34
"Dicrotendipes tritomus",3,2,94.3,5.7,3
"Dikerogammarus haemobaphes",193,5,71.7,28.3,15
"Dikerogammarus villosus",776,6,50.9,49.1,26
"Dina lineata",92,8,45.3,54.7,29
"Dina punctata",29,4,73.6,26.4,14
"Dinocras cephalotes",136,7,52.8,47.2,25
"Dinocras megacephala",3,1,94.3,5.7,3
"Diplectrona felix",37,3,71.7,28.3,15
"Diplocladius cultriger",769,3,37.7,62.3,33
"Diura bicaudata",68,4,52.8,47.2,25
"Diura nanseni",914,3,45.3,54.7,29
"Dixa dilatata",1,1,98.1,1.9,1
"Dixa maculata",80,2,62.3,37.7,20
"Dixa nebulosa",58,2,75.5,24.5,13
"Dixa nubilipennis",5,1,94.3,5.7,3
"Dixa puberula",15,1,81.1,18.9,10
"Dixa submaculata",16,2,81.1,18.9,10
"Dixella amphibia",1,1,98.1,1.9,1
"Dixella attica",1,1,98.1,1.9,1
"Dixella autumnalis",1,1,98.1,1.9,1
"Dixella serotina",1,1,98.1,1.9,1
"Dreissena polymorpha",1409,9,9.4,90.6,48
"Dreissena rostriformis",12,3,83,17,9
"Drusus annulatus",283,3,45.3,54.7,29
"Drusus discolor",14,2,73.6,26.4,14
"Dryops ernesti",2,2,96.2,3.8,2
"Dryops luridus",1,1,98.1,1.9,1
"Dugesia gonocephala",1163,6,32.1,67.9,36
"Dupophilus brevis",141,1,64.2,35.8,19
"Dytiscus circumflexus",1,1,98.1,1.9,1
"Dytiscus dimidiatus",2,1,96.2,3.8,2
"Dytiscus marginalis",11,5,86.8,13.2,7
"Dytiscus semisulcatus",1,1,98.1,1.9,1
"Ecclisopteryx dalecarlica",555,4,45.3,54.7,29
"Ecclisopteryx guttulata",71,2,52.8,47.2,25
"Ecclisopteryx madida",11,1,79.2,20.8,11
"Ecdyonurus aurantiacus",13,3,77.4,22.6,12
"Ecdyonurus epeorides",2,1,96.2,3.8,2
"Ecdyonurus helveticus",2,2,96.2,3.8,2
"Ecdyonurus insignis",17,4,86.8,13.2,7
"Ecdyonurus starmachi",3,1,94.3,5.7,3
"Ecdyonurus submontanus",2,2,96.2,3.8,2
"Ecdyonurus torrentis",278,4,50.9,49.1,26
"Ecdyonurus venosus",142,10,47.2,52.8,28
"Echinogammarus berilloni",50,2,52.8,47.2,25
"Echinogammarus calvus",4,1,94.3,5.7,3
"Echinogammarus ischnus",220,3,39.6,60.4,32
"Echinogammarus longisetosus",100,1,79.2,20.8,11
"Ecnomus tenellus",217,8,37.7,62.3,33
"Einfeldia dissidens",4,1,92.5,7.5,4
"Einfeldia longipes",1,1,98.1,1.9,1
"Einfeldia pagana",3,1,94.3,5.7,3
"Eiseniella tetraedra",2380,13,26.4,73.6,39
"Electrogena affinis",2,1,98.1,1.9,1
"Electrogena lateralis",106,4,52.8,47.2,25
"Electrogena ujhelyii",23,3,84.9,15.1,8
"Elmis aenea",6912,13,34,66,35
"Elmis latreillei",3,1,94.3,5.7,3
"Elmis maugetii",51,5,47.2,52.8,28
"Elmis rioloides",6,1,88.7,11.3,6
"Elodes minuta",1058,3,47.2,52.8,28
"Eloeophila maculata",1,1,98.1,1.9,1
"Eloeophila submarmorata",1,1,98.1,1.9,1
"Eloeophila trimaculata",14,1,92.5,7.5,4
"Eloeophila verralli",1,1,98.1,1.9,1
"Elophila nymphaeata",72,5,49.1,50.9,27
"Enallagma cyathigerum",19,4,73.6,26.4,14
"Enchytraeus albidus",2,1,96.2,3.8,2
"Endochironomus albipennis",153,2,26.4,73.6,39
"Endochironomus impar",1,1,98.1,1.9,1
"Endochironomus lepidus",3,1,94.3,5.7,3
"Endochironomus tendens",181,2,32.1,67.9,36
"Enochrus affinis",6,1,90.6,9.4,5
"Enochrus ater",1,1,98.1,1.9,1
"Enochrus bicolor",10,2,88.7,11.3,6
"Enochrus coarctatus",1,1,98.1,1.9,1
"Enochrus fuscipennis",2,2,96.2,3.8,2
"Enochrus melanocephalus",10,2,88.7,11.3,6
"Enochrus ochropterus",3,1,94.3,5.7,3
"Enochrus quadripunctatus",20,2,77.4,22.6,12
"Enochrus testaceus",32,4,77.4,22.6,12
"Enoicyla pusilla",5,2,90.6,9.4,5
"Epeorus assimilis",28,3,66,34,18
"Epeorus sylvicola",128,3,71.7,28.3,15
"Epeorus yougoslavicus",3,1,94.3,5.7,3
"Ephemera danica",2865,13,26.4,73.6,39
"Ephemera glaucops",1,1,98.1,1.9,1
"Ephemera lineata",53,5,64.2,35.8,19
"Ephemera vulgata",468,9,39.6,60.4,32
"Ephemerella aurivillii",536,3,43.4,56.6,30
"Ephemerella mucronata",213,7,43.4,56.6,30
"Ephemerella notata",57,4,52.8,47.2,25
"Ephoron virgo",55,4,62.3,37.7,20
"Ephydatia fluviatilis",532,1,49.1,50.9,27
"Ephydatia muelleri",28,1,69.8,30.2,16
"Epitheca bimaculata",4,2,92.5,7.5,4
"Epoicocladius flavens",134,4,52.8,47.2,25
"Eriocheir sinensis",25,2,67.9,32.1,17
"Ernodes articularis",2,1,96.2,3.8,2
"Erotesis baltica",1,1,98.1,1.9,1
"Erpobdella nigricollis",139,4,52.8,47.2,25
"Erpobdella octoculata",5790,13,1.9,98.1,52
"Erpobdella testacea",416,7,26.4,73.6,39
"Erpobdella vilnensis",47,3,71.7,28.3,15
"Erythromma lindenii",22,3,77.4,22.6,12
"Erythromma najas",182,8,43.4,56.6,30
"Erythromma viridulum",23,2,77.4,22.6,12
"Esolus angustatus",7,1,86.8,13.2,7
"Esolus parallelepipedus",573,6,54.7,45.3,24
"Euglesa obtusalis",6,3,90.6,9.4,5
"Euglesa parvula",60,1,71.7,28.3,15
"Euglesa personata",135,3,69.8,30.2,16
"Euglesa pulchella",11,2,86.8,13.2,7
"Eukiefferiella brevicalcar",410,3,37.7,62.3,33
"Eukiefferiella claripennis",400,5,26.4,73.6,39
"Eukiefferiella clypeata",1,1,98.1,1.9,1
"Eukiefferiella coerulescens",2,1,96.2,3.8,2
"Eukiefferiella devonica",3,1,96.2,3.8,2
"Eukiefferiella discoloripes",695,4,35.8,64.2,34
"Eukiefferiella dittmari",4,1,92.5,7.5,4
"Eukiefferiella gracei",50,5,66,34,18
"Eukiefferiella ilkleyensis",9,2,88.7,11.3,6
"Eukiefferiella lobifera",3,1,94.3,5.7,3
"Eukiefferiella minor",3,1,94.3,5.7,3
"Eunapius fragilis",2,1,96.2,3.8,2
"Euphorbia amygdaloides ssp. amygdaloides",4,1,94.3,5.7,3
"Euphylidorea lineola",14,1,90.6,9.4,5
"Eurylophella karelica",1,1,98.1,1.9,1
"Eutonia barbipes",1,1,98.1,1.9,1
"Faxonius limosus",141,4,34,66,35
"Feuerborniella obscura",1,1,98.1,1.9,1
"Fredericella sultana",78,1,58.5,41.5,22
"Galba truncatula",283,10,39.6,60.4,32
"Gammarus balcanicus",82,2,66,34,18
"Gammarus duebeni",113,3,69.8,30.2,16
"Gammarus fossarum",231,8,43.4,56.6,30
"Gammarus lacustris",61,5,54.7,45.3,24
"Gammarus pulex",7763,9,15.1,84.9,45
"Gammarus roeselii",477,6,34,66,35
"Gammarus tigrinus",554,4,28.3,71.7,38
"Gammarus zaddachi",96,3,62.3,37.7,20
"Georthocladius luteicornis",1,1,98.1,1.9,1
"Gerris argentatus",51,3,73.6,26.4,14
"Gerris gibbifer",3,2,94.3,5.7,3
"Gerris lacustris",400,9,34,66,35
"Gerris lateralis",34,3,60.4,39.6,21
"Gerris odontogaster",15,5,79.2,20.8,11
"Gerris thoracicus",20,3,71.7,28.3,15
"Girardia tigrina",861,6,15.1,84.9,45
"Glossiphonia complanata",4725,14,9.4,90.6,48
"Glossiphonia concolor",149,5,50.9,49.1,26
"Glossiphonia nebulosa",36,3,77.4,22.6,12
"Glossiphonia paludosa",33,3,73.6,26.4,14
"Glossiphonia verrucata",25,2,75.5,24.5,13
"Glossosoma boltoni",100,5,64.2,35.8,19
"Glossosoma conformis",29,3,71.7,28.3,15
"Glossosoma intermedium",51,4,66,34,18
"Glossosoma privatum",57,1,84.9,15.1,8
"Glyphotaelius pellucidus",257,8,49.1,50.9,27
"Glyptotendipes barbipes",2,2,96.2,3.8,2
"Gnophomyia lugubris",4,1,98.1,1.9,1
"Goera pilosa",1029,13,34,66,35
"Gomphus pulchellus",15,2,75.5,24.5,13
"Gomphus vulgatissimus",366,8,50.9,49.1,26
"Gonomyia lucidula",1,1,98.1,1.9,1
"Gordius aquaticus",5,3,90.6,9.4,5
"Grammotaulius nigropunctatus",1,1,98.1,1.9,1
"Grammotaulius nitidus",1,1,98.1,1.9,1
"Graphoderus austriacus",1,1,98.1,1.9,1
"Graphoderus bilineatus",1,1,98.1,1.9,1
"Graphoderus cinereus",3,2,94.3,5.7,3
"Graptodytes bilineatus",1,1,98.1,1.9,1
"Graptodytes pictus",205,5,32.1,67.9,36
"Guadalgenus franzi",8,1,92.5,7.5,4
"Guttipelopia guttipennis",4,3,92.5,7.5,4
"Gyraulus acronicus",154,2,67.9,32.1,17
"Gyraulus albus",1569,11,26.4,73.6,39
"Gyraulus crista",562,9,43.4,56.6,30
"Gyraulus parvus",54,7,62.3,37.7,20
"Gyraulus riparius",3,2,96.2,3.8,2
"Gyraulus rossmaessleri",2,1,96.2,3.8,2
"Gyrinus aeratus",17,4,75.5,24.5,13
"Gyrinus marinus",16,4,73.6,26.4,14
"Gyrinus natator",2,2,98.1,1.9,1
"Gyrinus opacus",3,1,94.3,5.7,3
"Gyrinus paykulli",8,3,88.7,11.3,6
"Gyrinus substriatus",189,6,43.4,56.6,30
"Gyrinus urinator",38,1,71.7,28.3,15
"Habroleptoides confusa",159,5,50.9,49.1,26
"Habroleptoides modesta",1,1,98.1,1.9,1
"Habrophlebia fusca",246,7,45.3,54.7,29
"Habrophlebia lauta",125,4,49.1,50.9,27
"Haematopota crassicornis",1,1,98.1,1.9,1
"Haemopis sanguisuga",115,10,50.9,49.1,26
"Halesus digitatus",344,10,54.7,45.3,24
"Halesus radiatus",2032,10,41.5,58.5,31
"Halesus tesselatus",174,6,58.5,41.5,22
"Haliplus confinis",26,3,75.5,24.5,13
"Haliplus flavicollis",41,4,58.5,41.5,22
"Haliplus fluviatilis",302,5,37.7,62.3,33
"Haliplus fulvus",6,4,88.7,11.3,6
"Haliplus furcatus",4,2,92.5,7.5,4
"Haliplus heydeni",37,4,67.9,32.1,17
"Haliplus immaculatus",99,5,50.9,49.1,26
"Haliplus laminatus",81,5,43.4,56.6,30
"Haliplus lineatocollis",380,5,49.1,50.9,27
"Haliplus lineolatus",5,2,90.6,9.4,5
"Haliplus obliquus",10,1,84.9,15.1,8
"Haliplus ruficollis",56,8,66,34,18
"Haliplus sibiricus",75,4,41.5,58.5,31
"Haliplus variegatus",4,2,94.3,5.7,3
"Haliplus varius",1,1,98.1,1.9,1
"Haplotaxis gordioides",21,5,75.5,24.5,13
"Harnischia curtilamellata",13,1,81.1,18.9,10
"Harnischia fuscimanus",2,1,96.2,3.8,2
"Hebrus pusillus",4,2,94.3,5.7,3
"Hebrus ruficeps",1,1,98.1,1.9,1
"Heleniella ornaticollis",11,1,88.7,11.3,6
"Heleniella serratosioi",3,1,94.3,5.7,3
"Helobdella stagnalis",3091,14,24.5,75.5,40
"Helochares lividus",9,3,84.9,15.1,8
"Helochares obscurus",47,4,71.7,28.3,15
"Helophorus aequalis",44,2,54.7,45.3,24
"Helophorus alternans",1,1,98.1,1.9,1
"Helophorus aquaticus",5,2,90.6,9.4,5
"Helophorus arvernicus",14,3,86.8,13.2,7
"Helophorus brevipalpis",128,4,39.6,60.4,32
"Helophorus dorsalis",1,1,98.1,1.9,1
"Helophorus flavipes",6,3,90.6,9.4,5
"Helophorus fulgidicollis",1,1,98.1,1.9,1
"Helophorus grandis",28,3,64.2,35.8,19
"Helophorus granularis",2,2,96.2,3.8,2
"Helophorus griseus",2,2,96.2,3.8,2
"Helophorus liguricus",3,1,98.1,1.9,1
"Helophorus longitarsis",1,1,98.1,1.9,1
"Helophorus micans",1,1,98.1,1.9,1
"Helophorus minutus",22,4,69.8,30.2,16
"Helophorus montenegrinus",3,1,94.3,5.7,3
"Helophorus nubilus",1,1,98.1,1.9,1
"Helophorus obscurus",17,3,83,17,9
"Helophorus strigifrons",2,2,96.2,3.8,2
"Hemiclepsis marginata",248,11,28.3,71.7,38
"Hemimelaena flaviventris",16,1,83,17,9
"Hemimysis anomala",29,3,75.5,24.5,13
"Heptagenia dalecarlica",471,3,52.8,47.2,25
"Heptagenia flava",278,5,34,66,35
"Heptagenia longicauda",91,2,60.4,39.6,21
"Heptagenia sulphurea",2044,13,28.3,71.7,38
"Heterotanytarsus apicalis",53,1,56.6,43.4,23
"Heterotanytarsus grimshawi",1,1,98.1,1.9,1
"Heterotrissocladius maeaeri",1,1,98.1,1.9,1
"Heterotrissocladius marcidus",714,4,47.2,52.8,28
"Hexatoma bicolor",1,1,98.1,1.9,1
"Hippeutis complanatus",251,9,49.1,50.9,27
"Hirudo medicinalis",7,3,88.7,11.3,6
"Holocentropus dubius",28,6,66,34,18
"Holocentropus picicornis",27,6,67.9,32.1,17
"Holocentropus stagnalis",3,2,94.3,5.7,3
"Hydaticus seminiger",1,1,98.1,1.9,1
"Hydaticus transversalis",4,2,92.5,7.5,4
"Hydatophylax infumatus",99,5,66,34,18
"Hydraena assimilis",1,1,98.1,1.9,1
"Hydraena britteni",19,2,77.4,22.6,12
"Hydraena dentipes",1,1,98.1,1.9,1
"Hydraena excisa",4,1,92.5,7.5,4
"Hydraena gracilis",1147,7,49.1,50.9,27
"Hydraena minutissima",1,1,98.1,1.9,1
"Hydraena nigrita",11,3,88.7,11.3,6
"Hydraena palustris",7,2,86.8,13.2,7
"Hydraena pulchella",1,1,98.1,1.9,1
"Hydraena reyi",1,1,98.1,1.9,1
"Hydraena riparia",95,6,62.3,37.7,20
"Hydraena rufipes",4,1,92.5,7.5,4
"Hydraena saga",1,1,98.1,1.9,1
"Hydraena testacea",34,2,66,34,18
"Hydrobaenus lugubris",1,1,98.1,1.9,1
"Hydrobius fuscipes",158,6,34,66,35
"Hydrochara caraboides",24,4,77.4,22.6,12
"Hydrochara dichroma",1,1,98.1,1.9,1
"Hydrochara flavipes",2,1,96.2,3.8,2
"Hydrochus angustatus",1,1,98.1,1.9,1
"Hydrochus crenatus",2,2,96.2,3.8,2
"Hydrochus elongatus",2,1,98.1,1.9,1
"Hydrocyphon deflexicollis",25,1,81.1,18.9,10
"Hydroglyphus geminus",33,3,77.4,22.6,12
"Hydrometra gracilenta",4,1,94.3,5.7,3
"Hydrometra stagnorum",184,6,37.7,62.3,33
"Hydrophilus piceus",7,2,90.6,9.4,5
"Hydroporus angustatus",6,4,90.6,9.4,5
"Hydroporus discretus",1,1,98.1,1.9,1
"Hydroporus dorsalis",3,3,94.3,5.7,3
"Hydroporus erythrocephalus",4,3,96.2,3.8,2
"Hydroporus gyllenhalii",1,1,98.1,1.9,1
"Hydroporus incognitus",10,3,83,17,9
"Hydroporus melanarius",1,1,98.1,1.9,1
"Hydroporus memnonius",1,1,98.1,1.9,1
"Hydroporus nigrita",3,1,94.3,5.7,3
"Hydroporus obsoletus",1,1,98.1,1.9,1
"Hydroporus palustris",93,8,41.5,58.5,31
"Hydroporus planus",14,4,79.2,20.8,11
"Hydroporus pubescens",1,1,98.1,1.9,1
"Hydroporus tesselatus",3,2,94.3,5.7,3
"Hydroporus tristis",2,2,96.2,3.8,2
"Hydropsyche angustipennis",1746,12,26.4,73.6,39
"Hydropsyche botosaneanui",8,1,90.6,9.4,5
"Hydropsyche bulbifera",167,4,69.8,30.2,16
"Hydropsyche bulgaromanorum",130,3,54.7,45.3,24
"Hydropsyche contubernalis",480,11,20.8,79.2,42
"Hydropsyche dinarica",46,3,75.5,24.5,13
"Hydropsyche emarginata",1,1,98.1,1.9,1
"Hydropsyche exocellata",317,4,60.4,39.6,21
"Hydropsyche fulvipes",6,4,92.5,7.5,4
"Hydropsyche guttata",1,1,98.1,1.9,1
"Hydropsyche incognita",112,4,66,34,18
"Hydropsyche instabilis",185,8,41.5,58.5,31
"Hydropsyche lobata",4,1,92.5,7.5,4
"Hydropsyche modesta",155,3,69.8,30.2,16
"Hydropsyche ornatula",1,1,98.1,1.9,1
"Hydropsyche pellucidula",3409,13,30.2,69.8,37
"Hydropsyche saxonica",274,9,50.9,49.1,26
"Hydropsyche siltalai",4363,12,28.3,71.7,38
"Hydropsyche tabacarui",5,1,94.3,5.7,3
"Hydropsyche tenuis",5,2,90.6,9.4,5
"Hydropsyche valkanovi",1,1,98.1,1.9,1
"Hydroptila cornuta",2,1,96.2,3.8,2
"Hydroptila forcipata",6,1,90.6,9.4,5
"Hydroptila vectis",22,1,81.1,18.9,10
"Hygrobia hermanni",3,1,94.3,5.7,3
"Hygrotus impressopunctatus",11,4,84.9,15.1,8
"Hygrotus inaequalis",51,6,60.4,39.6,21
"Hygrotus quinquelineatus",3,2,96.2,3.8,2
"Hygrotus versicolor",139,4,34,66,35
"Hypania invalida",212,6,56.6,43.4,23
"Hyphydrus ovatus",182,5,39.6,60.4,32
"Ilybius ater",5,3,92.5,7.5,4
"Ilybius chalconatus",1,1,98.1,1.9,1
"Ilybius fenestratus",18,4,73.6,26.4,14
"Ilybius fuliginosus",44,5,60.4,39.6,21
"Ilybius quadriguttatus",3,3,94.3,5.7,3
"Ilybius vittiger",1,1,98.1,1.9,1
"Ilyocoris cimicoides",404,6,43.4,56.6,30
"Ilyodrilus templetoni",118,1,56.6,43.4,23
"Ironoquia dubia",69,5,52.8,47.2,25
"Ischnura elegans",790,6,32.1,67.9,36
"Ischnura pumilio",19,1,86.8,13.2,7
"Isogenus nubecula",1,1,98.1,1.9,1
"Isonychia ignota",4,2,92.5,7.5,4
"Isoperla difformis",359,3,54.7,45.3,24
"Isoperla grammatica",1784,10,30.2,69.8,37
"Isoperla obscura",100,4,62.3,37.7,20
"Isoperla oxylepis",3,1,96.2,3.8,2
"Isoperla pawlowskii",2,1,96.2,3.8,2
"Isoperla tripartita",7,1,86.8,13.2,7
"Isoptena serricornis",19,2,75.5,24.5,13
"Italobdella ciosi",1,1,98.1,1.9,1
"Ithytrichia lamellaris",302,12,52.8,47.2,25
"Jaera istri",360,6,52.8,47.2,25
"Jungiella longicornis",2,1,96.2,3.8,2
"Jungiella soleata",6,1,88.7,11.3,6
"Kageronia fuscogrisea",396,7,43.4,56.6,30
"Katamysis warpachowskyi",16,1,84.9,15.1,8
"Kiefferulus tendipediformis",39,1,62.3,37.7,20
"Kloosia pusilla",1,1,98.1,1.9,1
"Labiobaetis atrebatinus",11,3,86.8,13.2,7
"Labiobaetis tricolor",29,1,83,17,9
"Laccobius bipunctatus",41,5,54.7,45.3,24
"Laccobius colon",25,1,71.7,28.3,15
"Laccobius minutus",82,6,35.8,64.2,34
"Laccobius sinuatus",1,1,98.1,1.9,1
"Laccobius striatulus",7,4,86.8,13.2,7
"Laccophilus hyalinus",220,6,37.7,62.3,33
"Laccophilus minutus",70,3,54.7,45.3,24
"Laccophilus poecilus",18,1,84.9,15.1,8
"Laccornis oblongus",1,1,98.1,1.9,1
"Lekanesphaera rugicauda",2,2,96.2,3.8,2
"Lepidostoma basale",172,6,43.4,56.6,30
"Lepidostoma hirtum",2545,12,34,66,35
"Lepidurus apus",1,1,98.1,1.9,1
"Leptocerus interruptus",6,1,88.7,11.3,6
"Leptocerus tineiformis",23,6,71.7,28.3,15
"Leptophlebia marginata",972,7,37.7,62.3,33
"Lestes macrostigma",1,1,98.1,1.9,1
"Leucorrhinia pectoralis",2,1,96.2,3.8,2
"Leuctra alpina",2,1,96.2,3.8,2
"Leuctra braueri",1,1,98.1,1.9,1
"Leuctra digitata",31,3,75.5,24.5,13
"Leuctra fusca",1036,8,47.2,52.8,28
"Leuctra geniculata",790,6,47.2,52.8,28
"Leuctra hippopus",1785,7,45.3,54.7,29
"Leuctra inermis",498,3,47.2,52.8,28
"Leuctra moselyi",29,1,73.6,26.4,14
"Leuctra nigra",787,7,41.5,58.5,31
"Leuctra prima",6,1,90.6,9.4,5
"Leuctra pseudosignifera",1,1,98.1,1.9,1
"Leuctra rauscheri",5,1,90.6,9.4,5
"Libellula depressa",5,3,90.6,9.4,5
"Libellula fulva",23,2,77.4,22.6,12
"Libellula quadrimaculata",4,2,92.5,7.5,4
"Limnebius aluta",2,1,96.2,3.8,2
"Limnebius crinifer",6,2,90.6,9.4,5
"Limnebius nitidus",5,2,90.6,9.4,5
"Limnebius parvulus",1,1,98.1,1.9,1
"Limnebius truncatellus",25,4,67.9,32.1,17
"Limnephilus affinis",6,2,92.5,7.5,4
"Limnephilus auricula",23,3,79.2,20.8,11
"Limnephilus binotatus",15,5,81.1,18.9,10
"Limnephilus bipunctatus",6,4,90.6,9.4,5
"Limnephilus borealis",5,2,94.3,5.7,3
"Limnephilus centralis",11,5,79.2,20.8,11
"Limnephilus coenosus",1,1,98.1,1.9,1
"Limnephilus decipiens",22,4,71.7,28.3,15
"Limnephilus extricatus",506,5,41.5,58.5,31
"Limnephilus flavicornis",263,6,49.1,50.9,27
"Limnephilus fuscicornis",45,5,56.6,43.4,23
"Limnephilus hirsutus",1,1,98.1,1.9,1
"Limnephilus ignavus",5,1,90.6,9.4,5
"Limnephilus lunatus",2485,8,28.3,71.7,38
"Limnephilus marmoratus",130,4,64.2,35.8,19
"Limnephilus nigriceps",2,1,96.2,3.8,2
"Limnephilus politus",12,2,88.7,11.3,6
"Limnephilus rhombicus",902,10,30.2,69.8,37
"Limnephilus sericeus",1,1,98.1,1.9,1
"Limnephilus stigma",1,1,98.1,1.9,1
"Limnephilus subcentralis",1,1,98.1,1.9,1
"Limnephilus tauricus",1,1,98.1,1.9,1
"Limnephilus vittatus",12,4,79.2,20.8,11
"Limnius perrisi",65,1,45.3,54.7,29
"Limnius volckmari",3950,12,35.8,64.2,34
"Limnodrilus claparedianus",144,4,41.5,58.5,31
"Limnodrilus hoffmeisteri",441,8,30.2,69.8,37
"Limnodrilus profundicola",15,4,79.2,20.8,11
"Limnodrilus udekemianus",49,5,52.8,47.2,25
"Limnomysis benedeni",215,4,71.7,28.3,15
"Limnophila schranki",1,1,98.1,1.9,1
"Limnophora riparia",192,1,62.3,37.7,20
"Limnoporus rufoscutellatus",4,3,94.3,5.7,3
"Limnoxenus niger",6,1,92.5,7.5,4
"Limonia flavipes",1,1,98.1,1.9,1
"Lipiniella araenicola",2,1,96.2,3.8,2
"Lipiniella moderata",1,1,98.1,1.9,1
"Lithax niger",9,1,83,17,9
"Lithax obscurus",4,3,92.5,7.5,4
"Lithoglyphus naticoides",382,4,62.3,37.7,20
"Lumbricillus lineatus",1,1,98.1,1.9,1
"Lumbriculus variegatus",1425,8,28.3,71.7,38
"Lumbricus rubellus",2,1,96.2,3.8,2
"Lymnaea stagnalis",818,9,26.4,73.6,39
"Lype phaeopa",352,8,43.4,56.6,30
"Lype reducta",374,10,49.1,50.9,27
"Macronychus quadrituberculatus",153,4,56.6,43.4,23
"Macropelopia adaucta",4,1,94.3,5.7,3
"Macropelopia nebulosa",148,2,52.8,47.2,25
"Margaritifera margaritifera",9,1,84.9,15.1,8
"Marstoniopsis insubrica",21,2,75.5,24.5,13
"Megasternum obscurum",2,2,96.2,3.8,2
"Melampophylax mucoreus",28,2,69.8,30.2,16
"Menetus dilatatus",13,2,75.5,24.5,13
"Mesenchytraeus armatus",2,2,96.2,3.8,2
"Mesovelia furcata",29,4,71.7,28.3,15
"Mesovelia vittigera",4,1,92.5,7.5,4
"Metalype fragilis",39,2,67.9,32.1,17
"Metreletus balcanicus",8,1,88.7,11.3,6
"Metretopus alter",2,1,98.1,1.9,1
"Metretopus borealis",6,1,94.3,5.7,3
"Metriocnemus eurynotus",11,1,84.9,15.1,8
"Metriocnemus fuscipes",1,1,98.1,1.9,1
"Metriocnemus hirticollis",3,2,94.3,5.7,3
"Metriocnemus inopinatus",2,1,96.2,3.8,2
"Micrasema cenerentola",34,1,86.8,13.2,7
"Micrasema gelidum",168,3,58.5,41.5,22
"Micrasema longulum",83,3,54.7,45.3,24
"Micrasema minimum",21,3,69.8,30.2,16
"Micrasema moestum",62,1,71.7,28.3,15
"Micrasema servatum",25,1,84.9,15.1,8
"Micrasema setiferum",134,5,62.3,37.7,20
"Microcara testacea",2,1,96.2,3.8,2
"Microchironomus deribae",1,1,98.1,1.9,1
"Microchironomus tener",2,1,96.2,3.8,2
"Micronecta griseola",4,1,92.5,7.5,4
"Micronecta minutissima",3,2,94.3,5.7,3
"Micronecta poweri",36,3,71.7,28.3,15
"Micronecta scholtzi",17,3,79.2,20.8,11
"Micropsectra apposita",31,1,75.5,24.5,13
"Micropsectra atrofasciata",103,3,56.6,43.4,23
"Micropsectra bidentata",1,1,98.1,1.9,1
"Micropsectra lindrothi",1,1,98.1,1.9,1
"Micropsectra notescens",37,1,73.6,26.4,14
"Micropsectra recurvata",1,1,98.1,1.9,1
"Microtendipes britteni",1,1,98.1,1.9,1
"Microtendipes chloris",232,2,32.1,67.9,36
"Microtendipes diffinis",1,1,98.1,1.9,1
"Microtendipes pedellus",88,5,45.3,54.7,29
"Microvelia buenoi",3,3,94.3,5.7,3
"Microvelia pygmaea",3,2,94.3,5.7,3
"Microvelia reticulata",47,3,67.9,32.1,17
"Molanna angustata",511,7,34,66,35
"Molannodes tinctus",180,4,56.6,43.4,23
"Monodiamesa bathyphila",93,2,69.8,30.2,16
"Monodiamesa ekmani",1,1,98.1,1.9,1
"Monopelopia tenuicalcar",8,2,90.6,9.4,5
"Musculium lacustre",154,6,39.6,60.4,32
"Musculium transversum",1,1,98.1,1.9,1
"Mystacides azurea",1165,13,39.6,60.4,32
"Mystacides longicornis",278,7,43.4,56.6,30
"Mystacides nigra",156,6,37.7,62.3,33
"Mytilopsis leucophaeata",6,1,88.7,11.3,6
"Myxas glutinosa",4,3,92.5,7.5,4
"Nais alpina",2,1,96.2,3.8,2
"Nais barbata",32,3,62.3,37.7,20
"Nais behningi",7,2,86.8,13.2,7
"Nais bretscheri",23,4,62.3,37.7,20
"Nais communis",39,5,54.7,45.3,24
"Nais elinguis",82,6,39.6,60.4,32
"Nais pardalis",38,4,60.4,39.6,21
"Nais pseudobtusa",14,3,81.1,18.9,10
"Nais simplex",12,4,83,17,9
"Nais stolci",1,1,98.1,1.9,1
"Nais variabilis",34,6,58.5,41.5,22
"Nanocladius dichromus",18,1,79.2,20.8,11
"Nanocladius rectinervis",29,2,73.6,26.4,14
"Natarsia punctata",28,1,83,17,9
"Naucoris maculatus",11,1,88.7,11.3,6
"Nebrioporus assimilis",3,1,94.3,5.7,3
"Nebrioporus baeticus",3,1,94.3,5.7,3
"Nebrioporus canaliculatus",1,1,98.1,1.9,1
"Nebrioporus depressus",334,5,37.7,62.3,33
"Nebrioporus elegans",639,3,32.1,67.9,36
"Nectoporus sanmarkii",1381,5,41.5,58.5,31
"Nemotaulius punctatolineatus",3,2,94.3,5.7,3
"Nemoura avicularis",1232,6,49.1,50.9,27
"Nemoura cambrica",65,2,62.3,37.7,20
"Nemoura cinerea",2944,10,26.4,73.6,39
"Nemoura dubitans",5,2,92.5,7.5,4
"Nemoura erratica",24,1,75.5,24.5,13
"Nemoura flexuosa",370,3,49.1,50.9,27
"Nemoura marginata",3,1,94.3,5.7,3
"Nemoura mortoni",2,1,96.2,3.8,2
"Nemurella pictetii",471,8,41.5,58.5,31
"Neoephemera maxima",10,2,88.7,11.3,6
"Neolimnomyia batava",1,1,98.1,1.9,1
"Neolimnomyia filata",128,2,56.6,43.4,23
"Neomysis integer",5,2,90.6,9.4,5
"Nepa cinerea",290,9,32.1,67.9,36
"Nephrotoma analis",5,1,92.5,7.5,4
"Nephrotoma flavipalpis",1,1,98.1,1.9,1
"Neureclipsis bimaculata",402,12,35.8,64.2,34
"Nigrobaetis digitatus",90,1,62.3,37.7,20
"Nigrobaetis niger",1216,8,35.8,64.2,34
"Niphargus aquilex",14,2,83,17,9
"Niphargus hrabei",5,1,90.6,9.4,5
"Niphargus valachicus",29,1,77.4,22.6,12
"Nixe joernensis",11,3,86.8,13.2,7
"Noterus clavicornis",229,5,43.4,56.6,30
"Noterus crassicornis",178,4,37.7,62.3,33
"Notidobia ciliaris",180,8,47.2,52.8,28
"Notonecta glauca",359,8,47.2,52.8,28
"Notonecta maculata",14,5,77.4,22.6,12
"Notonecta obliqua",13,1,75.5,24.5,13
"Notonecta viridis",37,5,67.9,32.1,17
"Nymphula nitidulata",15,3,79.2,20.8,11
"Obesogammarus obesus",64,2,75.5,24.5,13
"Ochthebius bicolon",3,2,94.3,5.7,3
"Ochthebius dilatatus",7,2,94.3,5.7,3
"Ochthebius exsculptus",2,1,96.2,3.8,2
"Ochthebius minimus",9,3,88.7,11.3,6
"Odeles marginata",37,3,71.7,28.3,15
"Odhneripisidium moitessierianum",30,3,75.5,24.5,13
"Odhneripisidium tenuilineatum",5,3,92.5,7.5,4
"Odontocerum albicorne",328,8,35.8,64.2,34
"Odontocerum hellenicum",3,1,94.3,5.7,3
"Odontomesa fulva",428,3,34,66,35
"Odontomyia ornata",1,1,98.1,1.9,1
"Odontomyia tigrina",1,1,98.1,1.9,1
"Oecetis furva",68,3,49.1,50.9,27
"Oecetis lacustris",69,6,52.8,47.2,25
"Oecetis notata",30,3,73.6,26.4,14
"Oecetis ochracea",26,6,69.8,30.2,16
"Oecetis strucki",1,1,98.1,1.9,1
"Oecetis testacea",384,8,49.1,50.9,27
"Oecismus monedula",9,3,83,17,9
"Oligoneuriella rhenana",23,2,75.5,24.5,13
"Oligostomis reticulata",8,4,86.8,13.2,7
"Oligotricha striata",8,4,84.9,15.1,8
"Omphiscola glabra",17,4,71.7,28.3,15
"Onychogomphus forcipatus",164,6,60.4,39.6,21
"Onychogomphus uncatus",163,1,71.7,28.3,15
"Ophidonais serpentina",204,5,34,66,35
"Ophiogomphus cecilia",105,6,62.3,37.7,20
"Oplodontha viridula",2,2,96.2,3.8,2
"Orchestia cavimana",36,3,73.6,26.4,14
"Orectochilus villosus",1723,13,28.3,71.7,38
"Oreodytes davisii",12,1,81.1,18.9,10
"Oreodytes septentrionalis",20,1,73.6,26.4,14
"Orthetrum albistylum",53,1,73.6,26.4,14
"Orthetrum brunneum",12,1,83,17,9
"Orthetrum cancellatum",55,6,69.8,30.2,16
"Orthetrum coerulescens",17,4,83,17,9
"Orthocladius ashei",5,1,90.6,9.4,5
"Orthocladius frigidus",98,2,64.2,35.8,19
"Orthocladius glabripennis",10,1,88.7,11.3,6
"Orthocladius holsatus",1,1,98.1,1.9,1
"Orthocladius lignicola",11,2,83,17,9
"Orthocladius oblidens",8,2,86.8,13.2,7
"Orthocladius obumbratus",57,2,64.2,35.8,19
"Orthocladius pedestris",1,1,98.1,1.9,1
"Orthocladius rivicola",5,2,90.6,9.4,5
"Orthocladius rivulorum",9,2,90.6,9.4,5
"Orthocladius rubicundus",22,2,75.5,24.5,13
"Orthocladius saxosus",1,1,98.1,1.9,1
"Orthocladius thienemanni",313,2,50.9,49.1,26
"Orthocladius wetterensis",8,1,84.9,15.1,8
"Orthotrichia costalis",7,2,88.7,11.3,6
"Osmylus fulvicephalus",2,1,96.2,3.8,2
"Otomesostoma auditivum",10,1,86.8,13.2,7
"Oulimnius major",9,1,88.7,11.3,6
"Oulimnius rivularis",17,1,71.7,28.3,15
"Oulimnius troglodytes",12,3,86.8,13.2,7
"Oulimnius tuberculatus",2079,13,30.2,69.8,37
"Oxycera morrisii",20,1,79.2,20.8,11
"Oxycera nigricornis",15,1,86.8,13.2,7
"Oxycera pardalina",3,1,94.3,5.7,3
"Oxycera pygmaea",1,1,98.1,1.9,1
"Oxycera rara",1,1,98.1,1.9,1
"Oxycera trilineata",2,1,96.2,3.8,2
"Oxyethira falcata",1,1,98.1,1.9,1
"Oxygastra curtisii",1,1,98.1,1.9,1
"Pacifastacus leniusculus",252,6,52.8,47.2,25
"Pagastiella orophila",4,1,92.5,7.5,4
"Palaemon longirostris",25,2,77.4,22.6,12
"Palaemon varians",8,1,84.9,15.1,8
"Palingenia longicauda",32,1,77.4,22.6,12
"Paludicella articulata",20,1,81.1,18.9,10
"Parachaetocladius abnobaeus",1,1,98.1,1.9,1
"Parachironomus biannulatus",11,1,90.6,9.4,5
"Parachironomus frequens",5,1,90.6,9.4,5
"Parachironomus gracilior",167,2,30.2,69.8,37
"Parachironomus mauricii",1,1,98.1,1.9,1
"Parachironomus tenuicaudatus",1,1,98.1,1.9,1
"Parachironomus vitiosus",12,2,83,17,9
"Paracladius conversus",40,4,62.3,37.7,20
"Paracladopelma camptolabis",20,2,75.5,24.5,13
"Paracladopelma laminatum",152,2,35.8,64.2,34
"Paracladopelma nigritulum",338,2,47.2,52.8,28
"Paracorixa concinna",38,5,75.5,24.5,13
"Paradelphomyia fuscula",1,1,98.1,1.9,1
"Parakiefferiella bathophila",11,2,92.5,7.5,4
"Parakiefferiella gracillima",1,1,98.1,1.9,1
"Paralauterborniella nigrohalterale",29,2,73.6,26.4,14
"Paraleptophlebia cincta",57,5,50.9,49.1,26
"Paraleptophlebia submarginata",1139,10,32.1,67.9,36
"Paraleptophlebia werneri",9,2,88.7,11.3,6
"Paralimnophyes hydrophilus",2,2,96.2,3.8,2
"Paramerina cingulata",17,1,75.5,24.5,13
"Parametriocnemus stylatus",307,4,49.1,50.9,27
"Paraphaenocladius impensus",1,1,98.1,1.9,1
"Paraphaenocladius pseudirritus",1,1,98.1,1.9,1
"Parapoynx stratiotata",42,4,67.9,32.1,17
"Parasigara transversa",4,1,92.5,7.5,4
"Paratanytarsus dissimilis",3,1,94.3,5.7,3
"Paratanytarsus tenuis",1,1,98.1,1.9,1
"Paratendipes albimanus",378,6,28.3,71.7,38
"Paratendipes nubilus",1,1,98.1,1.9,1
"Paratendipes nudisquama",1,1,98.1,1.9,1
"Paratrichocladius rufiventris",154,4,47.2,52.8,28
"Paratrissocladius excerptus",31,2,75.5,24.5,13
"Pectinatella magnifica",4,2,94.3,5.7,3
"Pedicia rivosa",34,4,73.6,26.4,14
"Peltodytes caesus",120,5,49.1,50.9,27
"Peltodytes rotundatus",5,1,90.6,9.4,5
"Peregriana labiata",1471,8,34,66,35
"Pericoma blandula",3,2,94.3,5.7,3
"Pericoma diversa",3,1,94.3,5.7,3
"Pericoma exquisita",3,1,94.3,5.7,3
"Pericoma fallax",3,2,96.2,3.8,2
"Pericoma pseudoexquisita",5,2,92.5,7.5,4
"Peringia ulvae",3,1,94.3,5.7,3
"Peripsychoda fusca",6,1,88.7,11.3,6
"Perla abdominalis",18,4,75.5,24.5,13
"Perla bipunctata",87,2,58.5,41.5,22
"Perla marginata",109,5,47.2,52.8,28
"Perlodes microcephalus",239,4,47.2,52.8,28
"Pettancylus clessinianus",220,7,49.1,50.9,27
"Phaenopsectra flavipes",1,1,98.1,1.9,1
"Phagocata vitta",16,2,79.2,20.8,11
"Phalacrocera replicata",1,1,98.1,1.9,1
"Philopotamus ludificatus",10,2,83,17,9
"Philopotamus montanus",375,8,50.9,49.1,26
"Philopotamus variegatus",1,1,98.1,1.9,1
"Phryganea bipunctata",100,5,58.5,41.5,22
"Phryganea grandis",26,4,71.7,28.3,15
"Physa fontinalis",1732,11,11.3,88.7,47
"Physella acuta",1279,10,13.2,86.8,46
"Physella gyrina",1,1,98.1,1.9,1
"Physella heterostropha",1,1,98.1,1.9,1
"Piguetiella blanci",2,2,96.2,3.8,2
"Pilaria discicollis",68,3,66,34,18
"Piscicola geometra",648,9,30.2,69.8,37
"Piscicola haranti",10,1,90.6,9.4,5
"Pisidium amnicum",765,5,35.8,64.2,34
"Pisidium casertanum",297,7,71.7,28.3,15
"Pisidium henslowanum",388,6,56.6,43.4,23
"Pisidium milium",91,2,69.8,30.2,16
"Pisidium nitidum",766,4,66,34,18
"Pisidium subtruncatum",883,5,54.7,45.3,24
"Pisidium supinum",67,4,64.2,35.8,19
"Placobdella costata",10,4,84.9,15.1,8
"Planaria torva",225,5,28.3,71.7,38
"Planorbarius corneus",492,6,34,66,35
"Planorbis carinatus",405,9,34,66,35
"Planorbis planorbis",564,7,28.3,71.7,38
"Platambus maculatus",781,12,24.5,75.5,40
"Platycnemis acutipennis",2,1,98.1,1.9,1
"Platycnemis latipes",5,1,96.2,3.8,2
"Platycnemis pennipes",752,10,34,66,35
"Plea minutissima",269,6,47.2,52.8,28
"Plectrocnemia geniculata",30,4,67.9,32.1,17
"Plectrocnemia laetabilis",12,1,86.8,13.2,7
"Plumatella emarginata",54,1,73.6,26.4,14
"Plumatella fructicosa",1,1,98.1,1.9,1
"Plumatella fungosa",11,1,81.1,18.9,10
"Plumatella repens",75,1,50.9,49.1,26
"Pneumia mutua",2,1,96.2,3.8,2
"Pneumia nublia",2,1,96.2,3.8,2
"Pneumia pilularia",84,1,64.2,35.8,19
"Pneumia trivialis",32,1,67.9,32.1,17
"Polycelis felina",463,4,43.4,56.6,30
"Polycelis nigra",431,6,30.2,69.8,37
"Polycelis tenuis",120,3,43.4,56.6,30
"Polycentropus corniger",3,1,98.1,1.9,1
"Polycentropus flavomaculatus",3989,15,26.4,73.6,39
"Polycentropus kingi",118,3,62.3,37.7,20
"Polypedilum acutum",1,1,98.1,1.9,1
"Polypedilum aegyptium",2,1,96.2,3.8,2
"Polypedilum albicorne",5,2,90.6,9.4,5
"Polypedilum bicrenatum",55,3,54.7,45.3,24
"Polypedilum convictum",8,1,86.8,13.2,7
"Polypedilum cultellatum",68,3,66,34,18
"Polypedilum exsectum",1,1,98.1,1.9,1
"Polypedilum laetum",757,3,47.2,52.8,28
"Polypedilum nubeculosum",269,4,43.4,56.6,30
"Polypedilum pedestre",23,2,73.6,26.4,14
"Polypedilum scalaenum",797,3,45.3,54.7,29
"Polypedilum sordens",63,3,49.1,50.9,27
"Polypedilum tritum",18,1,86.8,13.2,7
"Polypedilum uncinatum",22,1,75.5,24.5,13
"Pomatinus substriatus",31,4,77.4,22.6,12
"Pontastacus leptodactylus",31,1,75.5,24.5,13
"Pontogammarus robustoides",10,1,83,17,9
"Porhydrus lineatus",8,4,86.8,13.2,7
"Potamanthus luteus",213,9,32.1,67.9,36
"Potamophilus acuminatus",23,1,83,17,9
"Potamophylax cingulatus",1155,7,43.4,56.6,30
"Potamophylax latipennis",997,8,43.4,56.6,30
"Potamophylax luctuosus",8,4,86.8,13.2,7
"Potamophylax nigricornis",36,1,75.5,24.5,13
"Potamophylax rotundipennis",117,8,47.2,52.8,28
"Potamopyrgus antipodarum",5012,13,26.4,73.6,39
"Potamothrix bavaricus",9,2,90.6,9.4,5
"Potamothrix hammoniensis",202,6,37.7,62.3,33
"Potamothrix heuscheri",11,1,84.9,15.1,8
"Potamothrix moldaviensis",75,4,50.9,49.1,26
"Potamothrix vejdovskyi",3,2,94.3,5.7,3
"Potthastia gaedii",55,3,69.8,30.2,16
"Potthastia longimana",363,6,37.7,62.3,33
"Prionocera turcica",69,3,62.3,37.7,20
"Pristina aequiseta",5,2,92.5,7.5,4
"Pristina bilobata",2,1,96.2,3.8,2
"Pristina foreli",1,1,98.1,1.9,1
"Pristina longiseta",2,1,96.2,3.8,2
"Pristina rosea",3,3,94.3,5.7,3
"Proasellus coxalis",185,2,30.2,69.8,37
"Proasellus meridianus",257,5,26.4,73.6,39
"Procambarus clarkii",56,2,62.3,37.7,20
"Procladius choreus",7,2,90.6,9.4,5
"Procloeon bifidum",158,11,35.8,64.2,34
"Procloeon macronyx",6,1,92.5,7.5,4
"Procloeon pennulatum",34,4,69.8,30.2,16
"Prodiamesa olivacea",2460,9,26.4,73.6,39
"Prodiamesa rufovittata",50,2,62.3,37.7,20
"Propappus volki",92,2,60.4,39.6,21
"Prorhynchus stagnalis",1,1,98.1,1.9,1
"Prosimulium hirtipes",1,1,98.1,1.9,1
"Prosimulium latimucro",3,2,94.3,5.7,3
"Prosimulium tomosvaryi",9,4,83,17,9
"Prostoma graecense",12,2,84.9,15.1,8
"Protonemura auberti",9,2,84.9,15.1,8
"Protonemura austriaca",1,1,98.1,1.9,1
"Protonemura brevistyla",1,1,98.1,1.9,1
"Protonemura intricata",17,2,75.5,24.5,13
"Protonemura meyeri",1693,6,49.1,50.9,27
"Protonemura montana",1,1,98.1,1.9,1
"Protonemura praecox",23,2,71.7,28.3,15
"Psammoryctides albicola",38,5,54.7,45.3,24
"Psammoryctides barbatus",240,9,32.1,67.9,36
"Psammoryctides moravicus",17,3,71.7,28.3,15
"Psectrocladius obvius",5,1,92.5,7.5,4
"Psectrocladius platypus",3,1,96.2,3.8,2
"Psectrocladius psilopterus",7,1,90.6,9.4,5
"Psectrocladius sordidellus",19,1,86.8,13.2,7
"Psectrotanypus varius",126,4,32.1,67.9,36
"Pseudanodonta complanata",26,4,81.1,18.9,10
"Pseudochironomus prasinatus",7,3,86.8,13.2,7
"Pseudorthocladius curtistylus",9,2,90.6,9.4,5
"Pseudosmittia arenaria",1,1,98.1,1.9,1
"Pseudostenophylax incisus",2,1,96.2,3.8,2
"Pseudosuccinea columella",1,1,98.1,1.9,1
"Psychoda phalaenoides",2,1,96.2,3.8,2
"Psychomyia ctenophora",3,1,96.2,3.8,2
"Psychomyia pusilla",807,15,39.6,60.4,32
"Ptilocolepus granulatus",2,1,96.2,3.8,2
"Ptychoptera albimana",3,2,94.3,5.7,3
"Ptychoptera contaminata",12,2,86.8,13.2,7
"Ptychoptera lacustris",130,2,52.8,47.2,25
"Ptychoptera minuta",12,2,88.7,11.3,6
"Ptychoptera paludosa",612,1,50.9,49.1,26
"Ptychoptera scutellaris",3,1,96.2,3.8,2
"Pyrrhosoma nymphula",197,7,35.8,64.2,34
"Quistadrilus multisetosus",103,1,66,34,18
"Radix auricularia",259,6,34,66,35
"Ranatra linearis",109,6,52.8,47.2,25
"Rhabdiopteryx acuminata",5,2,90.6,9.4,5
"Rhantus exsoletus",18,3,75.5,24.5,13
"Rhantus frontalis",4,2,92.5,7.5,4
"Rhantus latitans",2,1,96.2,3.8,2
"Rhantus suturalis",10,2,84.9,15.1,8
"Rheocricotopus atripes",7,1,90.6,9.4,5
"Rheocricotopus chalybeatus",21,3,71.7,28.3,15
"Rheocricotopus effusus",18,5,81.1,18.9,10
"Rheocricotopus fuscipes",998,4,34,66,35
"Rheotanytarsus curtistylus",5,1,96.2,3.8,2
"Rhithrogena beskidensis",2,1,96.2,3.8,2
"Rhithrogena braaschi",1,1,98.1,1.9,1
"Rhithrogena germanica",41,3,66,34,18
"Rhithrogena hybrida",1,1,98.1,1.9,1
"Rhithrogena iridina",1,1,98.1,1.9,1
"Rhithrogena semicolorata",723,6,37.7,62.3,33
"Rhithropanopeus harrisii",1,1,98.1,1.9,1
"Rhyacodrilus coccineus",45,3,58.5,41.5,22
"Rhyacodrilus falciformis",2,1,96.2,3.8,2
"Rhyacophila dorsalis",1694,6,47.2,52.8,28
"Rhyacophila eatoni",4,1,92.5,7.5,4
"Rhyacophila evoluta",3,1,94.3,5.7,3
"Rhyacophila fasciata",1002,8,45.3,54.7,29
"Rhyacophila intermedia",7,1,92.5,7.5,4
"Rhyacophila laevis",2,1,96.2,3.8,2
"Rhyacophila loxias",1,1,98.1,1.9,1
"Rhyacophila martynovi",5,1,96.2,3.8,2
"Rhyacophila melpomene",6,1,96.2,3.8,2
"Rhyacophila mocsaryi",2,1,96.2,3.8,2
"Rhyacophila munda",36,2,67.9,32.1,17
"Rhyacophila nubila",2504,8,35.8,64.2,34
"Rhyacophila obliterata",23,4,75.5,24.5,13
"Rhyacophila praemorsa",6,1,90.6,9.4,5
"Rhyacophila pubescens",3,1,96.2,3.8,2
"Rhyacophila relicta",188,1,77.4,22.6,12
"Rhyacophila simulatrix",1,1,98.1,1.9,1
"Rhyacophila stigmatica",1,1,98.1,1.9,1
"Rhyacophila tristis",89,4,56.6,43.4,23
"Rhyacophila vulgaris",6,1,90.6,9.4,5
"Rhynchelmis limosella",12,4,79.2,20.8,11
"Rhynchelmis tetratheca",11,3,79.2,20.8,11
"Rhypholophus haemorrhoidalis",2,1,96.2,3.8,2
"Riolus cupreus",25,4,77.4,22.6,12
"Riolus nitens",12,3,84.9,15.1,8
"Riolus subviolaceus",161,1,56.6,43.4,23
"Ripistes parasita",10,2,84.9,15.1,8
"Robackia demeijerei",11,1,83,17,9
"Saetheria reissi",1,1,98.1,1.9,1
"Scarodytes halensis",31,4,66,34,18
"Schmidtea lugubris",817,7,15.1,84.9,45
"Schmidtea polychroa",130,6,41.5,58.5,31
"Schoenobius gigantella",19,1,73.6,26.4,14
"Scleroprocta pentagonalis",40,1,75.5,24.5,13
"Segmentina nitida",23,3,71.7,28.3,15
"Semibalanus balanoides",5,1,90.6,9.4,5
"Sericostoma flavicorne",2,1,96.2,3.8,2
"Sericostoma personatum",3219,9,32.1,67.9,36
"Serratella ignita",1849,16,24.5,75.5,40
"Setacera micans",1,1,98.1,1.9,1
"Setodes argentipunctellus",53,1,71.7,28.3,15
"Setodes punctatus",31,2,79.2,20.8,11
"Sialis fuliginosa",983,9,34,66,35
"Sialis lutaria",2019,10,26.4,73.6,39
"Sialis morio",9,2,83,17,9
"Sialis nigripes",25,5,79.2,20.8,11
"Sialis sordida",14,1,83,17,9
"Sigara distincta",45,6,52.8,47.2,25
"Sigara dorsalis",364,3,50.9,49.1,26
"Sigara falleni",235,6,26.4,73.6,39
"Sigara fossarum",97,6,47.2,52.8,28
"Sigara hellensii",5,3,94.3,5.7,3
"Sigara iactans",9,3,83,17,9
"Sigara lateralis",44,4,64.2,35.8,19
"Sigara limitata",4,3,94.3,5.7,3
"Sigara nigrolineata",15,4,73.6,26.4,14
"Sigara scotti",1,1,98.1,1.9,1
"Sigara semistriata",60,5,52.8,47.2,25
"Sigara stagnalis",3,2,94.3,5.7,3
"Sigara striata",468,6,24.5,75.5,40
"Sigara venusta",4,1,94.3,5.7,3
"Silo nigricornis",656,7,47.2,52.8,28
"Silo pallipes",1480,11,35.8,64.2,34
"Silo piceus",110,3,73.6,26.4,14
"Simulium angustipes",69,4,62.3,37.7,20
"Simulium angustitarse",285,4,56.6,43.4,23
"Simulium argyreatum",70,4,66,34,18
"Simulium armoricanum",5,1,92.5,7.5,4
"Simulium aureum",144,4,58.5,41.5,22
"Simulium balcanicum",11,3,86.8,13.2,7
"Simulium bezzii",1,1,98.1,1.9,1
"Simulium colombaschense",1,1,98.1,1.9,1
"Simulium costatum",117,3,58.5,41.5,22
"Simulium cryophilum",180,4,47.2,52.8,28
"Simulium equinum",603,5,34,66,35
"Simulium erythrocephalum",391,5,45.3,54.7,29
"Simulium intermedium",3,1,96.2,3.8,2
"Simulium latipes",5,3,94.3,5.7,3
"Simulium lineatum",175,5,37.7,62.3,33
"Simulium longirostre",6,3,90.6,9.4,5
"Simulium lundstromi",304,4,47.2,52.8,28
"Simulium monticola",7,1,86.8,13.2,7
"Simulium morsitans",37,3,58.5,41.5,22
"Simulium noelleri",87,4,50.9,49.1,26
"Simulium ornatum",2369,7,32.1,67.9,36
"Simulium posticatum",10,2,86.8,13.2,7
"Simulium pseudequinum",7,2,86.8,13.2,7
"Simulium reptans",69,5,49.1,50.9,27
"Simulium trifasciatum",129,4,47.2,52.8,28
"Simulium tuberosum",21,2,81.1,18.9,10
"Simulium variegatum",26,4,77.4,22.6,12
"Simulium velutinum",2,1,96.2,3.8,2
"Simulium vernum",1256,3,39.6,60.4,32
"Sinanodonta woodiana",73,1,75.5,24.5,13
"Siphlonurus aestivalis",30,4,67.9,32.1,17
"Siphlonurus alternatus",14,2,83,17,9
"Siphlonurus armatus",3,1,96.2,3.8,2
"Siphlonurus lacustris",57,6,56.6,43.4,23
"Siphonoperla burmeisteri",642,4,49.1,50.9,27
"Siphonoperla torrentium",669,4,45.3,54.7,29
"Sisyra dalii",1,1,98.1,1.9,1
"Sisyra nigra",12,3,79.2,20.8,11
"Sisyra terminalis",1,1,98.1,1.9,1
"Slavina appendiculata",74,5,58.5,41.5,22
"Somatochlora flavomaculata",5,2,90.6,9.4,5
"Somatochlora metallica",99,7,54.7,45.3,24
"Specaria josinae",7,2,90.6,9.4,5
"Spercheus emarginatus",10,2,83,17,9
"Sphaerium corneum",2588,9,13.2,86.8,46
"Sphaerium nucleus",3,2,96.2,3.8,2
"Sphaerium ovale",5,1,90.6,9.4,5
"Sphaerium rivicola",93,4,67.9,32.1,17
"Sphaerium solidum",22,2,73.6,26.4,14
"Spirosperma ferox",1,1,98.1,1.9,1
"Spongilla lacustris",213,3,39.6,60.4,32
"Stagnicola corvus",25,3,71.7,28.3,15
"Stagnicola fuscus",7,2,90.6,9.4,5
"Stagnicola palustris",326,7,47.2,52.8,28
"Stagnicola turricula",14,2,81.1,18.9,10
"Stempellina bausei",2,1,96.2,3.8,2
"Stempellinella brevis",6,2,88.7,11.3,6
"Stempellinella minor",11,1,88.7,11.3,6
"Stenelmis canaliculata",28,5,67.9,32.1,17
"Stenochironomus gibbus",1,1,98.1,1.9,1
"Stenophylax lateralis",52,6,56.6,43.4,23
"Stenophylax nycterobius",6,1,88.7,11.3,6
"Stenophylax permistus",25,6,69.8,30.2,16
"Stenophylax sequax",512,7,47.2,52.8,28
"Stictotarsus duodecimpustulatus",97,5,30.2,69.8,37
"Stratiomys longicornis",3,1,98.1,1.9,1
"Stylaria lacustris",391,10,24.5,75.5,40
"Stylodrilus heringianus",302,12,45.3,54.7,29
"Stylodrilus parvus",1,1,98.1,1.9,1
"Stylurus flavipes",173,2,71.7,28.3,15
"Succinea putris",13,2,83,17,9
"Sympecma fusca",1,1,98.1,1.9,1
"Sympetrum depressiusculum",4,1,92.5,7.5,4
"Sympetrum meridionale",1,1,98.1,1.9,1
"Sympetrum pedemontanum",5,2,90.6,9.4,5
"Sympetrum sanguineum",3,2,94.3,5.7,3
"Sympetrum striolatum",3,2,94.3,5.7,3
"Sympetrum vulgatum",2,1,96.2,3.8,2
"Synorthocladius semivirens",164,5,45.3,54.7,29
"Synurella ambulans",76,1,75.5,24.5,13
"Taeniopteryx nebulosa",1102,8,45.3,54.7,29
"Taeniopteryx schoenemundi",4,1,92.5,7.5,4
"Tanypus kraatzi",29,2,69.8,30.2,16
"Tanypus punctipennis",6,3,92.5,7.5,4
"Tanypus vilipennis",2,1,96.2,3.8,2
"Tanytarsus brundini",1,1,98.1,1.9,1
"Tanytarsus eminulus",2,1,96.2,3.8,2
"Tanytarsus pallidicornis",1,1,98.1,1.9,1
"Tanytarsus usmaensis",1,1,98.1,1.9,1
"Teloganopsis mesoleuca",1,1,98.1,1.9,1
"Tetanocera ferruginea",1,1,98.1,1.9,1
"Theodoxus danubialis",57,2,75.5,24.5,13
"Theodoxus fluviatilis",871,11,32.1,67.9,36
"Theodoxus prevostianus",1,1,98.1,1.9,1
"Theodoxus transversalis",14,1,79.2,20.8,11
"Theromyzon maculosum",3,2,94.3,5.7,3
"Theromyzon tessulatum",548,8,28.3,71.7,38
"Thienemanniella clavicornis",2,2,96.2,3.8,2
"Thienemanniella flaviforceps",8,1,86.8,13.2,7
"Thienemanniella majuscula",3,1,94.3,5.7,3
"Thraulus bellus",19,2,77.4,22.6,12
"Tinodes assimilis",2,2,96.2,3.8,2
"Tinodes dives",1,1,98.1,1.9,1
"Tinodes maclachlani",1,1,98.1,1.9,1
"Tinodes maculicornis",1,1,98.1,1.9,1
"Tinodes pallidulus",79,3,50.9,49.1,26
"Tinodes rostocki",9,4,83,17,9
"Tinodes unicolor",49,5,71.7,28.3,15
"Tinodes waeneri",643,10,35.8,64.2,34
"Tipula couckei",105,1,67.9,32.1,17
"Tipula fulvipennis",1,1,98.1,1.9,1
"Tipula grisescens",1,1,98.1,1.9,1
"Tipula laetabilis",1,1,98.1,1.9,1
"Tipula lateralis",120,2,64.2,35.8,19
"Tipula luna",1,1,98.1,1.9,1
"Tipula lunata",1,1,98.1,1.9,1
"Tipula maxima",43,3,54.7,45.3,24
"Tipula montium",66,1,67.9,32.1,17
"Tipula oleracea",2,1,96.2,3.8,2
"Tipula paludosa",3,1,94.3,5.7,3
"Tipula pierrei",1,1,98.1,1.9,1
"Tipula subcunctans",1,1,98.1,1.9,1
"Tipula subnodicornis",1,1,98.1,1.9,1
"Tipula unca",6,1,92.5,7.5,4
"Tipula variicornis",2,1,96.2,3.8,2
"Tipula varipennis",1,1,98.1,1.9,1
"Tipula vittata",4,1,94.3,5.7,3
"Tonnoiriella pulchra",9,2,84.9,15.1,8
"Torleya major",159,4,47.2,52.8,28
"Triaenodes bicolor",253,7,45.3,54.7,29
"Tribelos intextus",8,2,84.9,15.1,8
"Tricholeiochiton fagesii",1,1,98.1,1.9,1
"Trichostegia minor",1,1,98.1,1.9,1
"Trissopelopia longimana",97,2,69.8,30.2,16
"Trocheta bykowskii",37,1,71.7,28.3,15
"Trocheta pseudodina",14,2,79.2,20.8,11
"Trocheta subviridis",82,1,64.2,35.8,19
"Tubifex ignotus",133,3,54.7,45.3,24
"Tubifex tubifex",113,7,35.8,64.2,34
"Tvetenia bavarica",2,1,96.2,3.8,2
"Tvetenia calvescens",129,4,66,34,18
"Tvetenia verralli",382,1,58.5,41.5,22
"Ulomyia annulata",1,1,98.1,1.9,1
"Ulomyia fuliginosa",10,2,86.8,13.2,7
"Uncinais uncinata",34,4,66,34,18
"Unio crassus",135,5,67.9,32.1,17
"Unio pictorum",207,7,41.5,58.5,31
"Unio tumidus",176,6,69.8,30.2,16
"Valvata cristata",625,8,35.8,64.2,34
"Valvata macrostoma",22,6,67.9,32.1,17
"Valvata piscinalis",1458,10,24.5,75.5,40
"Valvata studeri",1,1,98.1,1.9,1
"Vanoyia tenuicornis",9,1,92.5,7.5,4
"Vejdovskyella comata",5,3,90.6,9.4,5
"Vejdovskyella intermedia",1,1,98.1,1.9,1
"Velia caprai",209,5,47.2,52.8,28
"Velia saulii",10,3,84.9,15.1,8
"Viviparus acerosus",211,1,71.7,28.3,15
"Viviparus contectus",100,6,64.2,35.8,19
"Viviparus viviparus",288,7,24.5,75.5,40
"Wormaldia lusitanica",1,1,98.1,1.9,1
"Wormaldia occipitalis",36,6,64.2,35.8,19
"Wormaldia subnigra",62,4,67.9,32.1,17
"Xanthoperla apicalis",1,1,98.1,1.9,1
"Xenochironomus xenolabis",7,4,88.7,11.3,6
"Ylodes simulans",1,1,98.1,1.9,1
"Zavreliella marmorata",5,1,92.5,7.5,4
"Zavrelimyia barbatipes",32,1,77.4,22.6,12
"Zonitoides nitidus",2,1,98.1,1.9,1
"Zwicknia bifrons",110,6,62.3,37.7,20
